val_acc,val_loss,epoch,step,test_acc,test_loss,train_acc,train_loss
0.006211180239915848,4.039829730987549,0,0,,,,
,,0,0,0.0,4.0333685874938965,,
0.17391304671764374,3.5771889686584473,0,3,,,,
,,0,3,,,0.06549330800771713,3.860520124435425
0.22981366515159607,3.2334907054901123,1,7,,,,
,,1,7,,,0.238633394241333,3.4208221435546875
0.23602482676506042,2.9849629402160645,2,11,,,,
,,2,11,,,0.24650275707244873,3.092679500579834
0.26708075404167175,2.7830634117126465,3,15,,,,
,,3,15,,,0.24713273346424103,2.8753249645233154
0.31677019596099854,2.6213126182556152,4,19,,,,
,,4,19,,,0.32452064752578735,2.6787590980529785
0.3354037404060364,2.493992328643799,5,23,,,,
,,5,23,,,0.361389696598053,2.513984203338623
0.3354037404060364,2.405956983566284,6,27,,,,
,,6,27,,,0.37199196219444275,2.3897759914398193
0.3602484464645386,2.3448004722595215,7,31,,,,
,,7,31,,,0.3960522711277008,2.2884116172790527
0.35403725504875183,2.284891128540039,8,35,,,,
,,8,35,,,0.42105644941329956,2.1925392150878906
0.3913043439388275,2.2327802181243896,9,39,,,,
,,9,39,,,0.4353598654270172,2.124077320098877
0.39751553535461426,2.191467523574829,10,43,,,,
,,10,43,,,0.4371415078639984,2.0502147674560547
0.3913043439388275,2.1511220932006836,11,47,,,,
,,11,47,,,0.44668084383010864,1.9947458505630493
0.3913043439388275,2.1101315021514893,12,51,,,,
,,12,51,,,0.440234899520874,1.9353431463241577
0.3913043439388275,2.09130597114563,13,55,,,,
,,13,55,,,0.45804667472839355,1.8435434103012085
0.42236024141311646,2.059432029724121,14,59,,,,
,,14,59,,,0.474020391702652,1.8167564868927002
0.42236024141311646,2.039804458618164,15,63,,,,
,,15,63,,,0.474215030670166,1.7759525775909424
0.42236024141311646,1.9993213415145874,16,67,,,,
,,16,67,,,0.5004901885986328,1.717214584350586
0.47826090455055237,1.998029112815857,17,71,,,,
,,17,71,,,0.5066744685173035,1.6876118183135986
0.4409937858581543,1.9917514324188232,18,75,,,,
,,18,75,,,0.496542364358902,1.644131064414978
0.4409937858581543,1.9830135107040405,19,79,,,,
,,19,79,,,0.5500169396400452,1.5779025554656982
0.4534161686897278,1.9855741262435913,20,83,,,,
,,20,83,,,0.5383145213127136,1.5685198307037354
0.4906832277774811,1.9422800540924072,21,87,,,,
,,21,87,,,0.5457761883735657,1.5095112323760986
0.4906832277774811,1.9170253276824951,22,91,,,,
,,22,91,,,0.5532635450363159,1.4982824325561523
0.4968944191932678,1.9318164587020874,23,95,,,,
,,23,95,,,0.5824792981147766,1.4294716119766235
0.4968944191932678,1.926714301109314,24,99,,,,
,,24,99,,,0.5973332524299622,1.3428808450698853
0.4906832277774811,1.911253571510315,25,103,,,,
,,25,103,,,0.5723558068275452,1.4137799739837646
0.4968944191932678,1.916577696800232,26,107,,,,
,,26,107,,,0.6274645328521729,1.3037995100021362
0.47826090455055237,1.9400608539581299,27,111,,,,
,,27,111,,,0.617893636226654,1.2760021686553955
0.48447203636169434,1.919679880142212,28,115,,,,
,,28,115,,,0.6187978982925415,1.2790647745132446
0.47826090455055237,1.924030065536499,29,119,,,,
,,29,119,,,0.6364163160324097,1.2548222541809082
0.47826090455055237,1.9423296451568604,30,123,,,,
,,30,123,,,0.6296453475952148,1.2232259511947632
0.47204965353012085,1.9180452823638916,31,127,,,,
,,31,127,,,0.627784252166748,1.205288052558899
0.47204965353012085,1.9151016473770142,32,131,,,,
,,32,131,,,0.6225205659866333,1.2052955627441406
0.4658385217189789,1.9434921741485596,33,135,,,,
,,33,135,,,0.6451438665390015,1.150389313697815
0.48447203636169434,1.9309536218643188,34,139,,,,
,,34,139,,,0.6502419114112854,1.1410479545593262
0.47204965353012085,1.9515669345855713,35,143,,,,
,,35,143,,,0.656975507736206,1.1088823080062866
0.47826090455055237,1.9600770473480225,36,147,,,,
,,36,147,,,0.6544343829154968,1.1209864616394043
0.48447203636169434,1.9691858291625977,37,151,,,,
,,37,151,,,0.6848574876785278,1.0465203523635864
0.4968944191932678,1.9590991735458374,38,155,,,,
,,38,155,,,0.6758540868759155,1.0602821111679077
0.47204965353012085,1.9609019756317139,39,159,,,,
,,39,159,,,0.6937955021858215,1.0010035037994385
0.47826090455055237,1.9506585597991943,40,163,,,,
,,40,163,,,0.691612184047699,1.037283182144165
0.47204965353012085,1.9544423818588257,41,167,,,,
,,41,167,,,0.6833277940750122,1.0595170259475708
0.48447203636169434,1.968043565750122,42,171,,,,
,,42,171,,,0.7024440765380859,0.9753543734550476
0.5031055808067322,1.9737783670425415,43,175,,,,
,,43,175,,,0.6993029713630676,0.9975484609603882
0.48447203636169434,1.9821808338165283,44,179,,,,
,,44,179,,,0.6995741128921509,0.9656671285629272
0.5093167424201965,1.9519386291503906,45,183,,,,
,,45,183,,,0.7097353935241699,0.9221968650817871
0.4906832277774811,1.9709503650665283,46,187,,,,
,,46,187,,,0.6990417242050171,0.9642613530158997
0.48447203636169434,2.004370927810669,47,191,,,,
,,47,191,,,0.7224046587944031,0.9184263348579407
0.4906832277774811,1.9892774820327759,48,195,,,,
,,48,195,,,0.700335681438446,0.9028932452201843
0.4906832277774811,1.9785850048065186,49,199,,,,
,,49,199,,,0.7263595461845398,0.9018953442573547
0.4968944191932678,2.0102524757385254,50,203,,,,
,,50,203,,,0.7138925194740295,0.9231672286987305
0.4968944191932678,2.0169057846069336,51,207,,,,
,,51,207,,,0.7355825304985046,0.8428933024406433
0.4906832277774811,2.0167388916015625,52,211,,,,
,,52,211,,,0.7528577446937561,0.8142155408859253
0.48447203636169434,2.0153868198394775,53,215,,,,
,,53,215,,,0.7400995492935181,0.8378785848617554
0.48447203636169434,2.035766363143921,54,219,,,,
,,54,219,,,0.7372494339942932,0.8279096484184265
0.5031055808067322,2.0328354835510254,55,223,,,,
,,55,223,,,0.7437559366226196,0.7784876823425293
0.5279502868652344,2.037672519683838,56,227,,,,
,,56,227,,,0.7323760986328125,0.8243400454521179
0.5093167424201965,2.0376222133636475,57,231,,,,
,,57,231,,,0.7438663244247437,0.799528956413269
0.4906832277774811,2.0478179454803467,58,235,,,,
,,58,235,,,0.7580205202102661,0.7809502482414246
0.5341615080833435,2.0466878414154053,59,239,,,,
,,59,239,,,0.7393173575401306,0.8297317624092102
0.52173912525177,2.0634636878967285,60,243,,,,
,,60,243,,,0.7669564485549927,0.7643377780914307
0.47204965353012085,2.0814740657806396,61,247,,,,
,,61,247,,,0.7490150332450867,0.7412282228469849
0.5031055808067322,2.0644638538360596,62,251,,,,
,,62,251,,,0.7632368206977844,0.737504243850708
0.5155279636383057,2.0571982860565186,63,255,,,,
,,63,255,,,0.749954104423523,0.7554000020027161
0.52173912525177,2.0560824871063232,64,259,,,,
,,64,259,,,0.7545045018196106,0.7770384550094604
0.52173912525177,2.049117088317871,65,263,,,,
,,65,263,,,0.7595093250274658,0.73698890209198
0.5155279636383057,2.046140432357788,66,267,,,,
,,66,267,,,0.7492992281913757,0.7923462986946106
0.5155279636383057,2.0733423233032227,67,271,,,,
,,67,271,,,0.7415997982025146,0.7631568908691406
0.5279502868652344,2.092241048812866,68,275,,,,
,,68,275,,,0.7787616848945618,0.7133448123931885
0.5155279636383057,2.117267608642578,69,279,,,,
,,69,279,,,0.7762566208839417,0.6927614212036133
0.5093167424201965,2.10984468460083,70,283,,,,
,,70,283,,,0.7608445286750793,0.74529629945755
0.5093167424201965,2.1293118000030518,71,287,,,,
,,71,287,,,0.7634137868881226,0.7568469047546387
0.5155279636383057,2.1399528980255127,72,291,,,,
,,72,291,,,0.7768054008483887,0.6988993883132935
0.5155279636383057,2.1294987201690674,73,295,,,,
,,73,295,,,0.7954837083816528,0.6643105745315552
0.5155279636383057,2.1262083053588867,74,299,,,,
,,74,299,,,0.7829387784004211,0.6749329566955566
0.5155279636383057,2.1322665214538574,75,303,,,,
,,75,303,,,0.7785798907279968,0.6852920055389404
0.4968944191932678,2.1496188640594482,76,307,,,,
,,76,307,,,0.7790520787239075,0.6657646894454956
0.5155279636383057,2.1629421710968018,77,311,,,,
,,77,311,,,0.7787866592407227,0.689120352268219
0.52173912525177,2.1618611812591553,78,315,,,,
,,78,315,,,0.7765322923660278,0.6901329159736633
0.52173912525177,2.1725363731384277,79,319,,,,
,,79,319,,,0.7665894627571106,0.7024062275886536
0.52173912525177,2.1802659034729004,80,323,,,,
,,80,323,,,0.7560473680496216,0.6932764053344727
0.5031055808067322,2.2001407146453857,81,327,,,,
,,81,327,,,0.7813591957092285,0.6579380035400391
0.5155279636383057,2.1808905601501465,82,331,,,,
,,82,331,,,0.7912400364875793,0.6477280259132385
0.5031055808067322,2.196545124053955,83,335,,,,
,,83,335,,,0.8073134422302246,0.600762128829956
0.5155279636383057,2.1834702491760254,84,339,,,,
,,84,339,,,0.765123724937439,0.7018163204193115
0.5279502868652344,2.1874775886535645,85,343,,,,
,,85,343,,,0.7866363525390625,0.6324732899665833
0.5093167424201965,2.189056158065796,86,347,,,,
,,86,347,,,0.7832335233688354,0.6541136503219604
0.5155279636383057,2.195327043533325,87,351,,,,
,,87,351,,,0.7921851873397827,0.6175321340560913
0.5279502868652344,2.191208839416504,88,355,,,,
,,88,355,,,0.7998830676078796,0.6191882491111755
0.5279502868652344,2.1814496517181396,89,359,,,,
,,89,359,,,0.7795087099075317,0.6568121910095215
0.5279502868652344,2.1921229362487793,90,363,,,,
,,90,363,,,0.7850398421287537,0.6301460266113281
0.5093167424201965,2.192225217819214,91,367,,,,
,,91,367,,,0.7801316976547241,0.6306213140487671
0.5093167424201965,2.198385715484619,92,371,,,,
,,92,371,,,0.779048502445221,0.6356285810470581
0.5155279636383057,2.1912753582000732,93,375,,,,
,,93,375,,,0.7807099223136902,0.6350042223930359
0.5279502868652344,2.2009787559509277,94,379,,,,
,,94,379,,,0.799991250038147,0.6179152727127075
0.5093167424201965,2.2197632789611816,95,383,,,,
,,95,383,,,0.7841150164604187,0.6030533313751221
0.5403726696968079,2.200516700744629,96,387,,,,
,,96,387,,,0.8068194389343262,0.5877766609191895
0.5465838313102722,2.195673704147339,97,391,,,,
,,97,391,,,0.7870153188705444,0.594828188419342
0.5279502868652344,2.201267719268799,98,395,,,,
,,98,395,,,0.7885615229606628,0.5999690294265747
0.52173912525177,2.2294633388519287,99,399,,,,
,,99,399,,,0.7863191962242126,0.5998669862747192
0.5155279636383057,2.2325823307037354,100,403,,,,
,,100,403,,,0.7873455882072449,0.5966135859489441
0.5155279636383057,2.2350709438323975,101,407,,,,
,,101,407,,,0.8007844686508179,0.5984193086624146
0.5155279636383057,2.230581045150757,102,411,,,,
,,102,411,,,0.7978784441947937,0.5962570905685425
0.5093167424201965,2.24932861328125,103,415,,,,
,,103,415,,,0.794075608253479,0.5649257302284241
0.5279502868652344,2.264734983444214,104,419,,,,
,,104,419,,,0.7989955544471741,0.593217134475708
0.52173912525177,2.2636570930480957,105,423,,,,
,,105,423,,,0.8086811304092407,0.5840731263160706
0.5403726696968079,2.257380485534668,106,427,,,,
,,106,427,,,0.803723931312561,0.5632191896438599
0.52173912525177,2.2575695514678955,107,431,,,,
,,107,431,,,0.8069454431533813,0.5833485722541809
0.5465838313102722,2.275629997253418,108,435,,,,
,,108,435,,,0.8072026968002319,0.5670987963676453
0.5714285969734192,2.254582405090332,109,439,,,,
,,109,439,,,0.8126767873764038,0.5535484552383423
0.5527950525283813,2.26688551902771,110,443,,,,
,,110,443,,,0.794113039970398,0.5854791402816772
0.5341615080833435,2.3032443523406982,111,447,,,,
,,111,447,,,0.7774650454521179,0.6089016795158386
0.5465838313102722,2.2752068042755127,112,451,,,,
,,112,451,,,0.7920649647712708,0.588095486164093
0.5465838313102722,2.2538065910339355,113,455,,,,
,,113,455,,,0.8086971044540405,0.5398340821266174
0.52173912525177,2.279846429824829,114,459,,,,
,,114,459,,,0.814799964427948,0.5286158323287964
0.5714285969734192,2.264322280883789,115,463,,,,
,,115,463,,,0.7865732908248901,0.5914744734764099
0.5590062141418457,2.2449631690979004,116,467,,,,
,,116,467,,,0.7971125841140747,0.5830390453338623
0.5776397585868835,2.231252670288086,117,471,,,,
,,117,471,,,0.804682731628418,0.5421630144119263
0.5403726696968079,2.227097988128662,118,475,,,,
,,118,475,,,0.7882981896400452,0.5836239457130432
0.5714285969734192,2.2286596298217773,119,479,,,,
,,119,479,,,0.8090736269950867,0.5458806753158569
0.5590062141418457,2.269611358642578,120,483,,,,
,,120,483,,,0.8021429777145386,0.5555124878883362
0.5527950525283813,2.2899422645568848,121,487,,,,
,,121,487,,,0.820944607257843,0.5403963923454285
0.5403726696968079,2.314765214920044,122,491,,,,
,,122,491,,,0.8058292269706726,0.556444525718689
0.5279502868652344,2.370598077774048,123,495,,,,
,,123,495,,,0.7916848659515381,0.5747582912445068
0.5465838313102722,2.32049822807312,124,499,,,,
,,124,499,,,0.8044301271438599,0.5313857793807983
0.5341615080833435,2.309894323348999,125,503,,,,
,,125,503,,,0.8070884943008423,0.5525482892990112
0.4968944191932678,2.365198850631714,126,507,,,,
,,126,507,,,0.8076440691947937,0.5321899056434631
0.5341615080833435,2.3253109455108643,127,511,,,,
,,127,511,,,0.8049318194389343,0.5483006238937378
0.5279502868652344,2.340118885040283,128,515,,,,
,,128,515,,,0.8112891912460327,0.5347506403923035
0.5279502868652344,2.353734254837036,129,519,,,,
,,129,519,,,0.8013620376586914,0.5639646053314209
0.52173912525177,2.3424072265625,130,523,,,,
,,130,523,,,0.8252941370010376,0.5027145147323608
0.5341615080833435,2.337449789047241,131,527,,,,
,,131,527,,,0.7988157272338867,0.5585183501243591
0.5527950525283813,2.3421630859375,132,531,,,,
,,132,531,,,0.80638587474823,0.5115723609924316
0.5465838313102722,2.352132558822632,133,535,,,,
,,133,535,,,0.8154013752937317,0.5317047834396362
0.5527950525283813,2.339127540588379,134,539,,,,
,,134,539,,,0.8301647901535034,0.5104275941848755
0.5527950525283813,2.3700075149536133,135,543,,,,
,,135,543,,,0.7917574644088745,0.5455178022384644
0.5403726696968079,2.375027656555176,136,547,,,,
,,136,547,,,0.8099872469902039,0.4973159432411194
0.5403726696968079,2.3745861053466797,137,551,,,,
,,137,551,,,0.8277950286865234,0.488567054271698
0.52173912525177,2.404012441635132,138,555,,,,
,,138,555,,,0.8044291734695435,0.5352602005004883
0.5403726696968079,2.3899943828582764,139,559,,,,
,,139,559,,,0.8301531672477722,0.5038200616836548
0.5279502868652344,2.3772358894348145,140,563,,,,
,,140,563,,,0.8114851117134094,0.5358840823173523
0.5341615080833435,2.375681161880493,141,567,,,,
,,141,567,,,0.8085231781005859,0.5357339382171631
0.5341615080833435,2.381964921951294,142,571,,,,
,,142,571,,,0.8240402936935425,0.4851844906806946
0.5465838313102722,2.361473560333252,143,575,,,,
,,143,575,,,0.7940865159034729,0.5945004224777222
0.5465838313102722,2.316633462905884,144,579,,,,
,,144,579,,,0.8031581044197083,0.5394984483718872
0.5465838313102722,2.3432862758636475,145,583,,,,
,,145,583,,,0.8196203112602234,0.5086661577224731
0.5341615080833435,2.38319730758667,146,587,,,,
,,146,587,,,0.8246566653251648,0.4797676205635071
0.5403726696968079,2.36942195892334,147,591,,,,
,,147,591,,,0.8210722208023071,0.5017428398132324
0.5403726696968079,2.394495964050293,148,595,,,,
,,148,595,,,0.8299789428710938,0.4671081602573395
0.5341615080833435,2.423247814178467,149,599,,,,
,,149,599,,,0.8092401623725891,0.5313612818717957
0.5527950525283813,2.3728837966918945,150,603,,,,
,,150,603,,,0.8291064500808716,0.4801323413848877
0.5465838313102722,2.3698437213897705,151,607,,,,
,,151,607,,,0.8288580179214478,0.4781058430671692
0.5341615080833435,2.4011783599853516,152,611,,,,
,,152,611,,,0.8249446153640747,0.4942789077758789
0.5341615080833435,2.3931684494018555,153,615,,,,
,,153,615,,,0.8383581042289734,0.4818548560142517
0.5279502868652344,2.425083875656128,154,619,,,,
,,154,619,,,0.8229459524154663,0.4847772717475891
0.5465838313102722,2.442871332168579,155,623,,,,
,,155,623,,,0.8087641596794128,0.5277625918388367
0.5403726696968079,2.4312360286712646,156,627,,,,
,,156,627,,,0.8039630651473999,0.5402292013168335
0.5527950525283813,2.390867233276367,157,631,,,,
,,157,631,,,0.8115161061286926,0.4764614701271057
0.5341615080833435,2.46990704536438,158,635,,,,
,,158,635,,,0.823550820350647,0.5052455067634583
0.5403726696968079,2.4401638507843018,159,639,,,,
,,159,639,,,0.8183292150497437,0.5039275288581848
0.5465838313102722,2.4231719970703125,160,643,,,,
,,160,643,,,0.8299155235290527,0.47816213965415955
0.5403726696968079,2.453122854232788,161,647,,,,
,,161,647,,,0.819839358329773,0.5016948580741882
0.5341615080833435,2.4730746746063232,162,651,,,,
,,162,651,,,0.818398654460907,0.4822292923927307
0.5279502868652344,2.4528894424438477,163,655,,,,
,,163,655,,,0.8085724711418152,0.520119309425354
0.5465838313102722,2.4488658905029297,164,659,,,,
,,164,659,,,0.8160549402236938,0.48376989364624023
0.5279502868652344,2.450281858444214,165,663,,,,
,,165,663,,,0.8365610241889954,0.4444308876991272
0.52173912525177,2.454712390899658,166,667,,,,
,,166,667,,,0.8084895014762878,0.505382239818573
0.5465838313102722,2.438774824142456,167,671,,,,
,,167,671,,,0.8285220861434937,0.4468171000480652
0.5341615080833435,2.4794435501098633,168,675,,,,
,,168,675,,,0.813773512840271,0.5074719190597534
0.5341615080833435,2.4637041091918945,169,679,,,,
,,169,679,,,0.8166077733039856,0.48120346665382385
0.5527950525283813,2.4064650535583496,170,683,,,,
,,170,683,,,0.8229284286499023,0.49272090196609497
0.5341615080833435,2.462737560272217,171,687,,,,
,,171,687,,,0.812987208366394,0.5155503153800964
0.5403726696968079,2.4784693717956543,172,691,,,,
,,172,691,,,0.8175622224807739,0.5027251243591309
0.5279502868652344,2.4262773990631104,173,695,,,,
,,173,695,,,0.8051320314407349,0.5179263353347778
0.5341615080833435,2.41585636138916,174,699,,,,
,,174,699,,,0.8225992918014526,0.45868197083473206
0.5279502868652344,2.4487967491149902,175,703,,,,
,,175,703,,,0.8228024244308472,0.48304659128189087
0.5341615080833435,2.4826173782348633,176,707,,,,
,,176,707,,,0.8261850476264954,0.47994908690452576
0.5279502868652344,2.4878978729248047,177,711,,,,
,,177,711,,,0.8219268918037415,0.46363911032676697
0.5279502868652344,2.468092679977417,178,715,,,,
,,178,715,,,0.8156980276107788,0.4781765043735504
0.5527950525283813,2.423212766647339,179,719,,,,
,,179,719,,,0.8337196111679077,0.4609901010990143
0.5341615080833435,2.4263877868652344,180,723,,,,
,,180,723,,,0.824253261089325,0.4851822853088379
0.5341615080833435,2.4275145530700684,181,727,,,,
,,181,727,,,0.8125591278076172,0.4777624011039734
0.5341615080833435,2.456794023513794,182,731,,,,
,,182,731,,,0.8274800181388855,0.44951191544532776
0.5403726696968079,2.5299882888793945,183,735,,,,
,,183,735,,,0.8267158269882202,0.48142701387405396
0.5341615080833435,2.4897994995117188,184,739,,,,
,,184,739,,,0.8155683279037476,0.4758022427558899
0.52173912525177,2.466870069503784,185,743,,,,
,,185,743,,,0.820490837097168,0.462515652179718
0.5403726696968079,2.4860787391662598,186,747,,,,
,,186,747,,,0.8243535757064819,0.4596982002258301
0.5465838313102722,2.460571527481079,187,751,,,,
,,187,751,,,0.8196501731872559,0.48263034224510193
0.5403726696968079,2.473694324493408,188,755,,,,
,,188,755,,,0.8208348155021667,0.46922963857650757
0.5403726696968079,2.476914882659912,189,759,,,,
,,189,759,,,0.82411128282547,0.4591125547885895
0.5527950525283813,2.462055206298828,190,763,,,,
,,190,763,,,0.8255741000175476,0.48174867033958435
0.5465838313102722,2.4683837890625,191,767,,,,
,,191,767,,,0.8253523111343384,0.46514663100242615
0.5403726696968079,2.495570659637451,192,771,,,,
,,192,771,,,0.8235114812850952,0.4783788323402405
0.5341615080833435,2.4710183143615723,193,775,,,,
,,193,775,,,0.8248991966247559,0.49136418104171753
0.5403726696968079,2.451827049255371,194,779,,,,
,,194,779,,,0.8326520919799805,0.4681958556175232
0.5403726696968079,2.466885566711426,195,783,,,,
,,195,783,,,0.8247088193893433,0.4456651210784912
0.5279502868652344,2.5000367164611816,196,787,,,,
,,196,787,,,0.8356918096542358,0.43840956687927246
0.5279502868652344,2.486776828765869,197,791,,,,
,,197,791,,,0.8315039873123169,0.44623249769210815
0.5341615080833435,2.4344394207000732,198,795,,,,
,,198,795,,,0.8267204165458679,0.44456568360328674
0.5403726696968079,2.447725534439087,199,799,,,,
,,199,799,,,0.8263664245605469,0.45685482025146484
0.5465838313102722,2.4843873977661133,200,803,,,,
,,200,803,,,0.8230394124984741,0.4382140040397644
0.5465838313102722,2.491182565689087,201,807,,,,
,,201,807,,,0.8360417485237122,0.42502397298812866
0.5590062141418457,2.465003490447998,202,811,,,,
,,202,811,,,0.8275869488716125,0.46638840436935425
0.5652173757553101,2.4583606719970703,203,815,,,,
,,203,815,,,0.8368784189224243,0.428530216217041
0.5527950525283813,2.4827117919921875,204,819,,,,
,,204,819,,,0.8309453725814819,0.45355987548828125
0.5590062141418457,2.4897711277008057,205,823,,,,
,,205,823,,,0.8401889801025391,0.41555604338645935
0.5403726696968079,2.5450215339660645,206,827,,,,
,,206,827,,,0.8414257168769836,0.4209023118019104
0.5279502868652344,2.598687171936035,207,831,,,,
,,207,831,,,0.830370306968689,0.449122816324234
0.5527950525283813,2.5659477710723877,208,835,,,,
,,208,835,,,0.8196294903755188,0.46915578842163086
0.5341615080833435,2.560683250427246,209,839,,,,
,,209,839,,,0.8247053027153015,0.4496292471885681
0.5403726696968079,2.5745115280151367,210,843,,,,
,,210,843,,,0.8374417424201965,0.45997804403305054
0.5403726696968079,2.547088384628296,211,847,,,,
,,211,847,,,0.835484504699707,0.4350472390651703
0.5465838313102722,2.549859046936035,212,851,,,,
,,212,851,,,0.8382848501205444,0.41474539041519165
0.5279502868652344,2.583958148956299,213,855,,,,
,,213,855,,,0.8310129046440125,0.42520761489868164
0.5465838313102722,2.5603208541870117,214,859,,,,
,,214,859,,,0.8230821490287781,0.450072705745697
0.5279502868652344,2.5517184734344482,215,863,,,,
,,215,863,,,0.846601128578186,0.3985353112220764
0.5403726696968079,2.5809454917907715,216,867,,,,
,,216,867,,,0.8396178483963013,0.41708773374557495
0.5465838313102722,2.587352752685547,217,871,,,,
,,217,871,,,0.8189142346382141,0.4735909402370453
0.5465838313102722,2.5675644874572754,218,875,,,,
,,218,875,,,0.8173118829727173,0.45045018196105957
0.5527950525283813,2.5648391246795654,219,879,,,,
,,219,879,,,0.8353017568588257,0.4409864842891693
0.5527950525283813,2.557511329650879,220,883,,,,
,,220,883,,,0.8193837404251099,0.4702269434928894
0.5590062141418457,2.522016763687134,221,887,,,,
,,221,887,,,0.8301838636398315,0.4432387351989746
0.5590062141418457,2.490058660507202,222,891,,,,
,,222,891,,,0.8271811604499817,0.445725679397583
0.5590062141418457,2.524210214614868,223,895,,,,
,,223,895,,,0.8265627026557922,0.4430040717124939
0.5465838313102722,2.5824363231658936,224,899,,,,
,,224,899,,,0.8312168121337891,0.43781977891921997
0.5527950525283813,2.5412189960479736,225,903,,,,
,,225,903,,,0.8227205276489258,0.470146507024765
0.5652173757553101,2.5541727542877197,226,907,,,,
,,226,907,,,0.825255274772644,0.44734272360801697
0.5527950525283813,2.6313657760620117,227,911,,,,
,,227,911,,,0.8295698165893555,0.4126091003417969
0.5527950525283813,2.623624086380005,228,915,,,,
,,228,915,,,0.8217839002609253,0.45736804604530334
0.5465838313102722,2.586322546005249,229,919,,,,
,,229,919,,,0.834708034992218,0.43565016984939575
0.5341615080833435,2.571535110473633,230,923,,,,
,,230,923,,,0.8525077700614929,0.40872853994369507
0.5403726696968079,2.581814765930176,231,927,,,,
,,231,927,,,0.8434814214706421,0.4017467498779297
0.5403726696968079,2.5952305793762207,232,931,,,,
,,232,931,,,0.839144229888916,0.4180823266506195
0.5403726696968079,2.597517967224121,233,935,,,,
,,233,935,,,0.829663097858429,0.4437217712402344
0.5403726696968079,2.5911166667938232,234,939,,,,
,,234,939,,,0.8407219052314758,0.4142826199531555
0.5403726696968079,2.5885462760925293,235,943,,,,
,,235,943,,,0.8472404479980469,0.4017588198184967
0.5527950525283813,2.6086742877960205,236,947,,,,
,,236,947,,,0.8498153686523438,0.41560664772987366
0.5652173757553101,2.632537364959717,237,951,,,,
,,237,951,,,0.840263843536377,0.43262943625450134
0.5590062141418457,2.619870662689209,238,955,,,,
,,238,955,,,0.8422835469245911,0.41017037630081177
0.5527950525283813,2.6303775310516357,239,959,,,,
,,239,959,,,0.8512600660324097,0.4149850904941559
0.5403726696968079,2.6264193058013916,240,963,,,,
,,240,963,,,0.8341415524482727,0.43148860335350037
0.5465838313102722,2.6319401264190674,241,967,,,,
,,241,967,,,0.8428619503974915,0.39935603737831116
0.5403726696968079,2.6567800045013428,242,971,,,,
,,242,971,,,0.8537929654121399,0.3965016007423401
0.5465838313102722,2.655923843383789,243,975,,,,
,,243,975,,,0.8406335115432739,0.41258883476257324
0.5155279636383057,2.6208512783050537,244,979,,,,
,,244,979,,,0.8125184774398804,0.4823550283908844
0.5279502868652344,2.6436915397644043,245,983,,,,
,,245,983,,,0.8266652822494507,0.43926626443862915
0.5403726696968079,2.664515256881714,246,987,,,,
,,246,987,,,0.8495127558708191,0.379904568195343
0.5341615080833435,2.667024612426758,247,991,,,,
,,247,991,,,0.8406173586845398,0.41444486379623413
0.5403726696968079,2.6504619121551514,248,995,,,,
,,248,995,,,0.8347824811935425,0.4258517324924469
0.5341615080833435,2.624217987060547,249,999,,,,
,,249,999,,,0.8464615941047668,0.402981698513031
0.5652173757553101,2.644022226333618,250,1003,,,,
,,250,1003,,,0.8419286012649536,0.39773494005203247
0.5527950525283813,2.6421849727630615,251,1007,,,,
,,251,1007,,,0.8443485498428345,0.40526947379112244
0.5279502868652344,2.627852439880371,252,1011,,,,
,,252,1011,,,0.8479074239730835,0.38610056042671204
0.5465838313102722,2.6150918006896973,253,1015,,,,
,,253,1015,,,0.8415975570678711,0.39999017119407654
0.5776397585868835,2.6093106269836426,254,1019,,,,
,,254,1019,,,0.8372928500175476,0.4077134132385254
0.5652173757553101,2.617527484893799,255,1023,,,,
,,255,1023,,,0.8370785713195801,0.44408243894577026
0.5527950525283813,2.615018129348755,256,1027,,,,
,,256,1027,,,0.8197876811027527,0.44668126106262207
0.5403726696968079,2.6214098930358887,257,1031,,,,
,,257,1031,,,0.8408385515213013,0.42781510949134827
0.5465838313102722,2.62043833732605,258,1035,,,,
,,258,1035,,,0.8288785219192505,0.42750024795532227
0.5527950525283813,2.5832252502441406,259,1039,,,,
,,259,1039,,,0.8436949849128723,0.411954402923584
0.5403726696968079,2.5755083560943604,260,1043,,,,
,,260,1043,,,0.8458660840988159,0.40364646911621094
0.5465838313102722,2.5857975482940674,261,1047,,,,
,,261,1047,,,0.8564558029174805,0.39055347442626953
0.5279502868652344,2.5886268615722656,262,1051,,,,
,,262,1051,,,0.844424843788147,0.4048652648925781
0.5341615080833435,2.577331781387329,263,1055,,,,
,,263,1055,,,0.8355143666267395,0.4143053889274597
0.5527950525283813,2.620302438735962,264,1059,,,,
,,264,1059,,,0.841973602771759,0.4331342577934265
0.5714285969734192,2.6247990131378174,265,1063,,,,
,,265,1063,,,0.8482991456985474,0.3979119062423706
0.5714285969734192,2.5929653644561768,266,1067,,,,
,,266,1067,,,0.8498281240463257,0.4220890402793884
0.5465838313102722,2.59071683883667,267,1071,,,,
,,267,1071,,,0.8638008832931519,0.3766731023788452
0.5465838313102722,2.6148362159729004,268,1075,,,,
,,268,1075,,,0.856365978717804,0.3824816346168518
0.5465838313102722,2.624617338180542,269,1079,,,,
,,269,1079,,,0.8613036870956421,0.3678049147129059
0.5403726696968079,2.600270986557007,270,1083,,,,
,,270,1083,,,0.8486531376838684,0.40614399313926697
0.5465838313102722,2.6060452461242676,271,1087,,,,
,,271,1087,,,0.8525919914245605,0.4012332558631897
0.5465838313102722,2.6117591857910156,272,1091,,,,
,,272,1091,,,0.8582755923271179,0.36925721168518066
0.5590062141418457,2.5940375328063965,273,1095,,,,
,,273,1095,,,0.8600621223449707,0.38329017162323
0.5465838313102722,2.6239285469055176,274,1099,,,,
,,274,1099,,,0.8383487462997437,0.40396514534950256
0.5527950525283813,2.6624538898468018,275,1103,,,,
,,275,1103,,,0.8742008209228516,0.3521807789802551
0.5590062141418457,2.6494975090026855,276,1107,,,,
,,276,1107,,,0.8570007085800171,0.38604721426963806
0.5590062141418457,2.6584439277648926,277,1111,,,,
,,277,1111,,,0.8642019033432007,0.3655151128768921
0.5527950525283813,2.681525230407715,278,1115,,,,
,,278,1115,,,0.8569923639297485,0.3669125437736511
0.5279502868652344,2.655489444732666,279,1119,,,,
,,279,1119,,,0.8633102178573608,0.3551098108291626
0.5403726696968079,2.645610809326172,280,1123,,,,
,,280,1123,,,0.8488153219223022,0.39383283257484436
0.5590062141418457,2.6418778896331787,281,1127,,,,
,,281,1127,,,0.8500153422355652,0.39202505350112915
0.5652173757553101,2.606731414794922,282,1131,,,,
,,282,1131,,,0.866551399230957,0.35232752561569214
0.5465838313102722,2.6172266006469727,283,1135,,,,
,,283,1135,,,0.8572576642036438,0.37501436471939087
0.5652173757553101,2.6147351264953613,284,1139,,,,
,,284,1139,,,0.8657887578010559,0.35191649198532104
0.5527950525283813,2.5946316719055176,285,1143,,,,
,,285,1143,,,0.8595916628837585,0.3748081624507904
0.5590062141418457,2.6271464824676514,286,1147,,,,
,,286,1147,,,0.8534373044967651,0.38800376653671265
0.5403726696968079,2.632009983062744,287,1151,,,,
,,287,1151,,,0.855021595954895,0.3605121672153473
0.5403726696968079,2.6344172954559326,288,1155,,,,
,,288,1155,,,0.8694341778755188,0.3619591295719147
0.5590062141418457,2.6375091075897217,289,1159,,,,
,,289,1159,,,0.8662563562393188,0.3553226888179779
0.5527950525283813,2.6337130069732666,290,1163,,,,
,,290,1163,,,0.8787505030632019,0.3240072727203369
0.5527950525283813,2.605665683746338,291,1167,,,,
,,291,1167,,,0.8818674087524414,0.34911561012268066
0.5341615080833435,2.5785651206970215,292,1171,,,,
,,292,1171,,,0.8477592468261719,0.37737157940864563
0.5652173757553101,2.6413016319274902,293,1175,,,,
,,293,1175,,,0.8646243214607239,0.3565909266471863
0.5465838313102722,2.642547607421875,294,1179,,,,
,,294,1179,,,0.8714293241500854,0.32554784417152405
0.5403726696968079,2.678307294845581,295,1183,,,,
,,295,1183,,,0.8527515530586243,0.3762487769126892
0.5341615080833435,2.6812973022460938,296,1187,,,,
,,296,1187,,,0.8599157333374023,0.34242790937423706
0.5403726696968079,2.6805849075317383,297,1191,,,,
,,297,1191,,,0.8633346557617188,0.36326512694358826
0.5590062141418457,2.6794049739837646,298,1195,,,,
,,298,1195,,,0.8500596284866333,0.3584420084953308
0.5465838313102722,2.665239095687866,299,1199,,,,
,,299,1199,,,0.8715694546699524,0.350027471780777
0.5465838313102722,2.665239095687866,0,0,,,,
,,0,0,0.2981366515159607,6.279092788696289,,
0.5403726696968079,2.6665964126586914,0,3,,,,
,,0,3,,,0.8375007510185242,0.38893207907676697
0.5590062141418457,2.648078203201294,1,7,,,,
,,1,7,,,0.8677533864974976,0.346233993768692
0.5838509202003479,2.6526665687561035,2,11,,,,
,,2,11,,,0.8633265495300293,0.3534603714942932
0.5652173757553101,2.6619911193847656,3,15,,,,
,,3,15,,,0.850946307182312,0.40032249689102173
0.5652173757553101,2.682184934616089,4,19,,,,
,,4,19,,,0.8721246719360352,0.37461012601852417
0.5714285969734192,2.683288335800171,5,23,,,,
,,5,23,,,0.8770489692687988,0.3499261736869812
0.5652173757553101,2.6732025146484375,6,27,,,,
,,6,27,,,0.8653696775436401,0.3303307890892029
0.5652173757553101,2.6482760906219482,7,31,,,,
,,7,31,,,0.8693958520889282,0.3213699758052826
0.5403726696968079,2.6391892433166504,8,35,,,,
,,8,35,,,0.8803756833076477,0.33045461773872375
0.5590062141418457,2.648714780807495,9,39,,,,
,,9,39,,,0.8716723322868347,0.3379242420196533
0.5652173757553101,2.634528160095215,10,43,,,,
,,10,43,,,0.8752155303955078,0.32487526535987854
0.5776397585868835,2.62751841545105,11,47,,,,
,,11,47,,,0.8674195408821106,0.33650273084640503
0.5652173757553101,2.6389904022216797,12,51,,,,
,,12,51,,,0.8847388029098511,0.3138635456562042
0.5652173757553101,2.66281795501709,13,55,,,,
,,13,55,,,0.8727718591690063,0.3486493229866028
0.5652173757553101,2.6746528148651123,14,59,,,,
,,14,59,,,0.8756771087646484,0.3283231854438782
0.5527950525283813,2.6636569499969482,15,63,,,,
,,15,63,,,0.8795925378799438,0.3463525176048279
0.5714285969734192,2.6600425243377686,16,67,,,,
,,16,67,,,0.8674518465995789,0.33588704466819763
0.5714285969734192,2.6612296104431152,17,71,,,,
,,17,71,,,0.8679735064506531,0.31872785091400146
0.5652173757553101,2.672260284423828,18,75,,,,
,,18,75,,,0.883592426776886,0.2996136248111725
0.5590062141418457,2.6951305866241455,19,79,,,,
,,19,79,,,0.8863422274589539,0.28291431069374084
0.5652173757553101,2.6818771362304688,20,83,,,,
,,20,83,,,0.8794193267822266,0.30408042669296265
0.5714285969734192,2.6832470893859863,21,87,,,,
,,21,87,,,0.8962656259536743,0.271898090839386
0.590062141418457,2.688317060470581,22,91,,,,
,,22,91,,,0.8856807947158813,0.3060002326965332
0.5838509202003479,2.669725179672241,23,95,,,,
,,23,95,,,0.8842594027519226,0.28583306074142456
0.5714285969734192,2.6647326946258545,24,99,,,,
,,24,99,,,0.8824865221977234,0.3078475296497345
0.5652173757553101,2.7077901363372803,25,103,,,,
,,25,103,,,0.8869810104370117,0.2854183614253998
0.5714285969734192,2.713428258895874,26,107,,,,
,,26,107,,,0.8945119976997375,0.273962140083313
0.5838509202003479,2.686715602874756,27,111,,,,
,,27,111,,,0.8819519281387329,0.29267221689224243
0.5714285969734192,2.7261855602264404,28,115,,,,
,,28,115,,,0.8747607469558716,0.30189675092697144
0.5527950525283813,2.695709228515625,29,119,,,,
,,29,119,,,0.883147120475769,0.297346293926239
0.5590062141418457,2.664612293243408,30,123,,,,
,,30,123,,,0.8894827961921692,0.3107730746269226
0.5465838313102722,2.6737260818481445,31,127,,,,
,,31,127,,,0.8905930519104004,0.2940078377723694
0.5652173757553101,2.684659004211426,32,131,,,,
,,32,131,,,0.8782073855400085,0.31375622749328613
0.5590062141418457,2.6850061416625977,33,135,,,,
,,33,135,,,0.8721897006034851,0.28830569982528687
0.5590062141418457,2.683035373687744,34,139,,,,
,,34,139,,,0.8890522122383118,0.2743232846260071
0.590062141418457,2.653606414794922,35,143,,,,
,,35,143,,,0.9014111757278442,0.26584893465042114
0.5590062141418457,2.6821937561035156,36,147,,,,
,,36,147,,,0.8860988616943359,0.2805227041244507
0.5465838313102722,2.7044148445129395,37,151,,,,
,,37,151,,,0.8883474469184875,0.29265275597572327
0.5714285969734192,2.7092785835266113,38,155,,,,
,,38,155,,,0.8899825215339661,0.2753416895866394
0.5714285969734192,2.7251381874084473,39,159,,,,
,,39,159,,,0.897037148475647,0.2789570391178131
0.5652173757553101,2.7653074264526367,40,163,,,,
,,40,163,,,0.8895314931869507,0.28228241205215454
0.5590062141418457,2.7605156898498535,41,167,,,,
,,41,167,,,0.8833223581314087,0.2916603088378906
0.5838509202003479,2.73433256149292,42,171,,,,
,,42,171,,,0.8985048532485962,0.2565806210041046
0.5590062141418457,2.763681411743164,43,175,,,,
,,43,175,,,0.880314826965332,0.28421923518180847
0.5714285969734192,2.7845640182495117,44,179,,,,
,,44,179,,,0.9003978967666626,0.2736929953098297
0.5590062141418457,2.727349281311035,45,183,,,,
,,45,183,,,0.8931829333305359,0.2823028266429901
0.5590062141418457,2.685425281524658,46,187,,,,
,,46,187,,,0.8996764421463013,0.24646222591400146
0.5652173757553101,2.7482199668884277,47,191,,,,
,,47,191,,,0.8842977285385132,0.3001423478126526
0.5652173757553101,2.740455389022827,48,195,,,,
,,48,195,,,0.8900415301322937,0.2701522707939148
0.5590062141418457,2.689581871032715,49,199,,,,
,,49,199,,,0.8814460039138794,0.28831979632377625
0.5465838313102722,2.726196765899658,50,203,,,,
,,50,203,,,0.8846617937088013,0.29703861474990845
0.5403726696968079,2.7528743743896484,51,207,,,,
,,51,207,,,0.903354287147522,0.25795453786849976
0.5590062141418457,2.7414352893829346,52,211,,,,
,,52,211,,,0.8992053866386414,0.2592378258705139
0.5527950525283813,2.7270522117614746,53,215,,,,
,,53,215,,,0.8861532211303711,0.29106903076171875
0.5714285969734192,2.7103662490844727,54,219,,,,
,,54,219,,,0.8767498135566711,0.3015909790992737
0.5652173757553101,2.7385456562042236,55,223,,,,
,,55,223,,,0.9066787958145142,0.25091052055358887
0.5652173757553101,2.7470011711120605,56,227,,,,
,,56,227,,,0.9043817520141602,0.2801596522331238
0.5527950525283813,2.7287607192993164,57,231,,,,
,,57,231,,,0.8910847902297974,0.26546648144721985
0.5527950525283813,2.697800397872925,58,235,,,,
,,58,235,,,0.898204505443573,0.26339298486709595
0.5527950525283813,2.6957287788391113,59,239,,,,
,,59,239,,,0.9027267694473267,0.2558366358280182
0.5527950525283813,2.7248659133911133,60,243,,,,
,,60,243,,,0.9075241088867188,0.23595444858074188
0.5652173757553101,2.7457001209259033,61,247,,,,
,,61,247,,,0.9027012586593628,0.2517896890640259
0.5590062141418457,2.7213051319122314,62,251,,,,
,,62,251,,,0.9122503399848938,0.23297815024852753
0.5714285969734192,2.7112176418304443,63,255,,,,
,,63,255,,,0.9069324731826782,0.26013657450675964
0.5838509202003479,2.69203782081604,64,259,,,,
,,64,259,,,0.8947097659111023,0.25276240706443787
0.5714285969734192,2.703638792037964,65,263,,,,
,,65,263,,,0.8959652781486511,0.29066726565361023
0.5776397585868835,2.7015750408172607,66,267,,,,
,,66,267,,,0.897233784198761,0.26944613456726074
0.5714285969734192,2.720752716064453,67,271,,,,
,,67,271,,,0.8987288475036621,0.25912711024284363
0.5590062141418457,2.7398579120635986,68,275,,,,
,,68,275,,,0.8909280896186829,0.25677749514579773
0.5403726696968079,2.7149581909179688,69,279,,,,
,,69,279,,,0.898720920085907,0.24333825707435608
0.5465838313102722,2.7164947986602783,70,283,,,,
,,70,283,,,0.9081311225891113,0.23374314606189728
0.5652173757553101,2.7340872287750244,71,287,,,,
,,71,287,,,0.9051410555839539,0.22558946907520294
0.5652173757553101,2.777390241622925,72,291,,,,
,,72,291,,,0.907124400138855,0.22736620903015137
0.5714285969734192,2.7561917304992676,73,295,,,,
,,73,295,,,0.8831809163093567,0.2714858651161194
0.5590062141418457,2.72906494140625,74,299,,,,
,,74,299,,,0.898106575012207,0.23965540528297424
0.5527950525283813,2.7241475582122803,75,303,,,,
,,75,303,,,0.8927203416824341,0.2371768057346344
0.5527950525283813,2.721083641052246,76,307,,,,
,,76,307,,,0.9122808575630188,0.21702051162719727
0.5341615080833435,2.7744553089141846,77,311,,,,
,,77,311,,,0.9003459811210632,0.23507872223854065
0.5590062141418457,2.797337293624878,78,315,,,,
,,78,315,,,0.9098330736160278,0.2150164544582367
0.5776397585868835,2.795062303543091,79,319,,,,
,,79,319,,,0.9090594053268433,0.21953019499778748
0.5527950525283813,2.8160386085510254,80,323,,,,
,,80,323,,,0.9097862243652344,0.22134192287921906
0.5403726696968079,2.8185250759124756,81,327,,,,
,,81,327,,,0.9045817255973816,0.24769556522369385
0.5776397585868835,2.81148099899292,82,331,,,,
,,82,331,,,0.896797776222229,0.23724380135536194
0.5714285969734192,2.7661561965942383,83,335,,,,
,,83,335,,,0.9060646295547485,0.2384771853685379
0.5652173757553101,2.755274772644043,84,339,,,,
,,84,339,,,0.9124637842178345,0.22799834609031677
0.5403726696968079,2.8144116401672363,85,343,,,,
,,85,343,,,0.9072054028511047,0.21817299723625183
0.5403726696968079,2.858386278152466,86,347,,,,
,,86,347,,,0.9104727506637573,0.21868935227394104
0.5590062141418457,2.875192165374756,87,351,,,,
,,87,351,,,0.9043906331062317,0.2287999391555786
0.5652173757553101,2.7945547103881836,88,355,,,,
,,88,355,,,0.896133542060852,0.24491874873638153
0.5714285969734192,2.761288642883301,89,359,,,,
,,89,359,,,0.9064102172851562,0.21516242623329163
0.5776397585868835,2.7428219318389893,90,363,,,,
,,90,363,,,0.9057809710502625,0.22023668885231018
0.5776397585868835,2.7417874336242676,91,367,,,,
,,91,367,,,0.9022051692008972,0.25224170088768005
0.5652173757553101,2.785764217376709,92,371,,,,
,,92,371,,,0.9014425277709961,0.237004354596138
0.5652173757553101,2.7996208667755127,93,375,,,,
,,93,375,,,0.9196544885635376,0.19547781348228455
0.5714285969734192,2.808664560317993,94,379,,,,
,,94,379,,,0.8968197107315063,0.21600906550884247
0.5838509202003479,2.8041720390319824,95,383,,,,
,,95,383,,,0.9062474966049194,0.21708087623119354
0.5776397585868835,2.789757013320923,96,387,,,,
,,96,387,,,0.9140580892562866,0.20523536205291748
0.5652173757553101,2.7940545082092285,97,391,,,,
,,97,391,,,0.9126192927360535,0.2028534859418869
0.5527950525283813,2.7882468700408936,98,395,,,,
,,98,395,,,0.9042706489562988,0.21010002493858337
0.5652173757553101,2.8515195846557617,99,399,,,,
,,99,399,,,0.9128440618515015,0.20072953402996063
0.5714285969734192,2.8248231410980225,100,403,,,,
,,100,403,,,0.9127780199050903,0.21028530597686768
0.5590062141418457,2.818882942199707,101,407,,,,
,,101,407,,,0.9062037467956543,0.2307581901550293
0.5403726696968079,2.8522756099700928,102,411,,,,
,,102,411,,,0.9048995971679688,0.22037097811698914
0.5465838313102722,2.8556015491485596,103,415,,,,
,,103,415,,,0.8999802470207214,0.20418551564216614
0.5590062141418457,2.832834005355835,104,419,,,,
,,104,419,,,0.8988980054855347,0.20932552218437195
0.5652173757553101,2.872202157974243,105,423,,,,
,,105,423,,,0.9090155363082886,0.2305421382188797
0.5590062141418457,2.867971897125244,106,427,,,,
,,106,427,,,0.9117032885551453,0.20069332420825958
0.5652173757553101,2.890655040740967,107,431,,,,
,,107,431,,,0.9043508768081665,0.23990941047668457
0.5652173757553101,2.9067981243133545,108,435,,,,
,,108,435,,,0.9043962359428406,0.21907266974449158
0.5776397585868835,2.9115896224975586,109,439,,,,
,,109,439,,,0.9011595845222473,0.20339128375053406
0.5714285969734192,2.9413864612579346,110,443,,,,
,,110,443,,,0.8977655172348022,0.22260376811027527
0.5776397585868835,2.9272608757019043,111,447,,,,
,,111,447,,,0.9025107622146606,0.22766165435314178
0.5776397585868835,2.885875940322876,112,451,,,,
,,112,451,,,0.9044681787490845,0.22078576683998108
0.5652173757553101,2.8992879390716553,113,455,,,,
,,113,455,,,0.9057866334915161,0.23833146691322327
0.5776397585868835,2.907628297805786,114,459,,,,
,,114,459,,,0.9035894274711609,0.23979516327381134
0.5714285969734192,2.9165732860565186,115,463,,,,
,,115,463,,,0.9059616327285767,0.21989350020885468
0.5714285969734192,2.8887264728546143,116,467,,,,
,,116,467,,,0.9183341264724731,0.2102952003479004
0.5652173757553101,2.862863540649414,117,471,,,,
,,117,471,,,0.9210969805717468,0.17976148426532745
0.5652173757553101,2.8742153644561768,118,475,,,,
,,118,475,,,0.9131549596786499,0.21117493510246277
0.5776397585868835,2.8663861751556396,119,479,,,,
,,119,479,,,0.9161376953125,0.18041935563087463
0.5838509202003479,2.912370443344116,120,483,,,,
,,120,483,,,0.9183874130249023,0.19990451633930206
0.5776397585868835,2.923384666442871,121,487,,,,
,,121,487,,,0.9083576202392578,0.21349790692329407
0.590062141418457,2.892876386642456,122,491,,,,
,,122,491,,,0.899959921836853,0.2563510537147522
0.5776397585868835,2.899352788925171,123,495,,,,
,,123,495,,,0.9146585464477539,0.226283460855484
0.5652173757553101,2.8996779918670654,124,499,,,,
,,124,499,,,0.9049083590507507,0.22621378302574158
0.5590062141418457,2.893813133239746,125,503,,,,
,,125,503,,,0.9112688302993774,0.22749145328998566
0.5527950525283813,2.8877475261688232,126,507,,,,
,,126,507,,,0.9115192294120789,0.20239701867103577
0.5590062141418457,2.9055209159851074,127,511,,,,
,,127,511,,,0.9143460988998413,0.19423648715019226
0.5714285969734192,2.916916847229004,128,515,,,,
,,128,515,,,0.9078317880630493,0.22301694750785828
0.5776397585868835,2.9497621059417725,129,519,,,,
,,129,519,,,0.9012581706047058,0.21752841770648956
0.5714285969734192,2.984865665435791,130,523,,,,
,,130,523,,,0.9066065549850464,0.2110748589038849
0.5465838313102722,2.9900360107421875,131,527,,,,
,,131,527,,,0.9148805737495422,0.18473364412784576
0.5652173757553101,2.9298489093780518,132,531,,,,
,,132,531,,,0.9020748138427734,0.2193821221590042
0.5652173757553101,2.9286246299743652,133,535,,,,
,,133,535,,,0.9102611541748047,0.20008525252342224
0.5527950525283813,2.927805185317993,134,539,,,,
,,134,539,,,0.9087191820144653,0.2317587435245514
0.5403726696968079,2.889453172683716,135,543,,,,
,,135,543,,,0.908652126789093,0.22899536788463593
0.5652173757553101,2.894627809524536,136,547,,,,
,,136,547,,,0.9082427024841309,0.21284720301628113
0.5776397585868835,2.9675021171569824,137,551,,,,
,,137,551,,,0.9082382917404175,0.21770735085010529
0.5838509202003479,2.990699529647827,138,555,,,,
,,138,555,,,0.9171152114868164,0.18444935977458954
0.5962733030319214,2.9275991916656494,139,559,,,,
,,139,559,,,0.9140833020210266,0.1953277289867401
0.5714285969734192,2.8897995948791504,140,563,,,,
,,140,563,,,0.9253393411636353,0.1772596389055252
0.5652173757553101,2.9169681072235107,141,567,,,,
,,141,567,,,0.8902947306632996,0.2937347888946533
0.5776397585868835,2.8694241046905518,142,571,,,,
,,142,571,,,0.9019943475723267,0.23930373787879944
0.5652173757553101,2.845777750015259,143,575,,,,
,,143,575,,,0.9177471399307251,0.18159203231334686
0.5652173757553101,2.8363118171691895,144,579,,,,
,,144,579,,,0.9153280258178711,0.1904694139957428
0.5714285969734192,2.852898597717285,145,583,,,,
,,145,583,,,0.9083892107009888,0.20657992362976074
0.5714285969734192,2.90842342376709,146,587,,,,
,,146,587,,,0.8965191841125488,0.23224735260009766
0.5776397585868835,2.852553367614746,147,591,,,,
,,147,591,,,0.9183279275894165,0.17706087231636047
0.5776397585868835,2.8403449058532715,148,595,,,,
,,148,595,,,0.912449061870575,0.20535728335380554
0.5838509202003479,2.8583357334136963,149,599,,,,
,,149,599,,,0.9173024892807007,0.20121511816978455
0.5776397585868835,2.873011589050293,150,603,,,,
,,150,603,,,0.9143689274787903,0.21327345073223114
0.5714285969734192,2.8755147457122803,151,607,,,,
,,151,607,,,0.9151510000228882,0.18877291679382324
0.5714285969734192,2.869661331176758,152,611,,,,
,,152,611,,,0.9223777651786804,0.1760009229183197
0.5714285969734192,2.874913454055786,153,615,,,,
,,153,615,,,0.9130590558052063,0.219934344291687
0.5714285969734192,2.924116611480713,154,619,,,,
,,154,619,,,0.9186033010482788,0.18512630462646484
0.5590062141418457,2.9455606937408447,155,623,,,,
,,155,623,,,0.9231378436088562,0.18802110850811005
0.5652173757553101,2.9657983779907227,156,627,,,,
,,156,627,,,0.9181612133979797,0.16287794709205627
0.5590062141418457,2.9597725868225098,157,631,,,,
,,157,631,,,0.9261932373046875,0.16347286105155945
0.5714285969734192,2.95987606048584,158,635,,,,
,,158,635,,,0.926047682762146,0.17385464906692505
0.5652173757553101,2.9568514823913574,159,639,,,,
,,159,639,,,0.9253921508789062,0.20548567175865173
0.5838509202003479,2.9661922454833984,160,643,,,,
,,160,643,,,0.9080398678779602,0.21278870105743408
0.5714285969734192,2.9519224166870117,161,647,,,,
,,161,647,,,0.91581791639328,0.1844586879014969
0.5838509202003479,2.9452569484710693,162,651,,,,
,,162,651,,,0.9177538156509399,0.1853056699037552
0.5838509202003479,2.9338278770446777,163,655,,,,
,,163,655,,,0.9305397868156433,0.16701877117156982
0.5838509202003479,2.9298012256622314,164,659,,,,
,,164,659,,,0.9300155639648438,0.16014349460601807
0.5776397585868835,2.939096689224243,165,663,,,,
,,165,663,,,0.9188898801803589,0.1913992464542389
0.5652173757553101,2.9608094692230225,166,667,,,,
,,166,667,,,0.9142651557922363,0.1974351704120636
0.5776397585868835,2.962881565093994,167,671,,,,
,,167,671,,,0.9045438766479492,0.22441181540489197
0.5714285969734192,2.947815179824829,168,675,,,,
,,168,675,,,0.9246777296066284,0.21129246056079865
0.5776397585868835,2.9468672275543213,169,679,,,,
,,169,679,,,0.9162038564682007,0.19414851069450378
0.5776397585868835,2.9693820476531982,170,683,,,,
,,170,683,,,0.9062878489494324,0.23424264788627625
0.5714285969734192,2.9962074756622314,171,687,,,,
,,171,687,,,0.9172196388244629,0.21446916460990906
0.5714285969734192,2.9957151412963867,172,691,,,,
,,172,691,,,0.922573447227478,0.17831599712371826
0.5714285969734192,3.0096967220306396,173,695,,,,
,,173,695,,,0.9223734140396118,0.17951545119285583
0.5714285969734192,3.0128800868988037,174,699,,,,
,,174,699,,,0.929417610168457,0.1824764907360077
0.5714285969734192,2.990255832672119,175,703,,,,
,,175,703,,,0.9196060299873352,0.19018705189228058
0.5714285969734192,2.976891279220581,176,707,,,,
,,176,707,,,0.9108760952949524,0.19545039534568787
0.5590062141418457,2.989574670791626,177,711,,,,
,,177,711,,,0.9210634231567383,0.17913568019866943
0.5652173757553101,3.005985736846924,178,715,,,,
,,178,715,,,0.9164894819259644,0.17701704800128937
0.5652173757553101,3.030188798904419,179,719,,,,
,,179,719,,,0.9146482348442078,0.1927099972963333
0.5714285969734192,3.0030934810638428,180,723,,,,
,,180,723,,,0.9147917032241821,0.2043946236371994
0.5652173757553101,3.009476661682129,181,727,,,,
,,181,727,,,0.9167922735214233,0.19178268313407898
0.5527950525283813,3.035322666168213,182,731,,,,
,,182,731,,,0.9226281046867371,0.17551913857460022
0.5714285969734192,3.008366823196411,183,735,,,,
,,183,735,,,0.9204314351081848,0.18990838527679443
0.5714285969734192,2.9853243827819824,184,739,,,,
,,184,739,,,0.9184573292732239,0.18757934868335724
0.5776397585868835,2.979306221008301,185,743,,,,
,,185,743,,,0.934216320514679,0.16227467358112335
0.5652173757553101,3.009432315826416,186,747,,,,
,,186,747,,,0.9245674014091492,0.17842164635658264
0.5652173757553101,3.048914670944214,187,751,,,,
,,187,751,,,0.9286052584648132,0.17050863802433014
0.5590062141418457,3.040966749191284,188,755,,,,
,,188,755,,,0.9055346250534058,0.19656772911548615
0.5652173757553101,2.972744941711426,189,759,,,,
,,189,759,,,0.929783821105957,0.15958818793296814
0.5714285969734192,2.9604759216308594,190,763,,,,
,,190,763,,,0.922697901725769,0.16235360503196716
0.5714285969734192,2.977170467376709,191,767,,,,
,,191,767,,,0.9226163029670715,0.15857663750648499
0.5776397585868835,3.003408193588257,192,771,,,,
,,192,771,,,0.9279124140739441,0.18219701945781708
0.5776397585868835,3.010021686553955,193,775,,,,
,,193,775,,,0.9178407788276672,0.19996397197246552
0.5652173757553101,3.0301244258880615,194,779,,,,
,,194,779,,,0.9281803369522095,0.1606779545545578
0.5465838313102722,3.0322070121765137,195,783,,,,
,,195,783,,,0.9145439267158508,0.1859757900238037
0.5527950525283813,2.9954631328582764,196,787,,,,
,,196,787,,,0.9256726503372192,0.16467387974262238
0.5527950525283813,2.9792680740356445,197,791,,,,
,,197,791,,,0.909939169883728,0.19731926918029785
0.52173912525177,2.970839023590088,198,795,,,,
,,198,795,,,0.9234409332275391,0.18121032416820526
0.52173912525177,2.986497163772583,199,799,,,,
,,199,799,,,0.9194132089614868,0.18034352362155914
0.5590062141418457,2.9824588298797607,200,803,,,,
,,200,803,,,0.9151565432548523,0.18291613459587097
0.5527950525283813,2.990858793258667,201,807,,,,
,,201,807,,,0.9255985021591187,0.16966429352760315
0.5714285969734192,3.0222537517547607,202,811,,,,
,,202,811,,,0.9247649908065796,0.1489398181438446
0.5652173757553101,3.0469467639923096,203,815,,,,
,,203,815,,,0.9210683703422546,0.20981702208518982
0.5652173757553101,3.0664405822753906,204,819,,,,
,,204,819,,,0.9154990315437317,0.18643899261951447
0.5714285969734192,3.0844924449920654,205,823,,,,
,,205,823,,,0.9279700517654419,0.15772870182991028
0.5714285969734192,3.080810070037842,206,827,,,,
,,206,827,,,0.9137803912162781,0.18268242478370667
0.5652173757553101,3.066293954849243,207,831,,,,
,,207,831,,,0.9337543249130249,0.14623698592185974
0.5652173757553101,3.0617568492889404,208,835,,,,
,,208,835,,,0.9198465347290039,0.18963801860809326
0.5652173757553101,3.0886237621307373,209,839,,,,
,,209,839,,,0.9266475439071655,0.15710189938545227
0.5652173757553101,3.085987091064453,210,843,,,,
,,210,843,,,0.926943302154541,0.1636866331100464
0.5652173757553101,3.0872418880462646,211,847,,,,
,,211,847,,,0.9222517013549805,0.16548839211463928
0.5590062141418457,3.082925319671631,212,851,,,,
,,212,851,,,0.9296625256538391,0.14795219898223877
0.5714285969734192,3.047419786453247,213,855,,,,
,,213,855,,,0.9270061254501343,0.15647591650485992
0.5652173757553101,3.037633180618286,214,859,,,,
,,214,859,,,0.9179828763008118,0.17944347858428955
0.5714285969734192,3.036799192428589,215,863,,,,
,,215,863,,,0.9342981576919556,0.1601845771074295
0.5776397585868835,3.0583982467651367,216,867,,,,
,,216,867,,,0.9294816255569458,0.14217890799045563
0.5776397585868835,3.087239980697632,217,871,,,,
,,217,871,,,0.9280296564102173,0.15310969948768616
0.5776397585868835,3.1023831367492676,218,875,,,,
,,218,875,,,0.9272669553756714,0.16511568427085876
0.5590062141418457,3.152570962905884,219,879,,,,
,,219,879,,,0.9310367703437805,0.15336540341377258
0.5590062141418457,3.1813395023345947,220,883,,,,
,,220,883,,,0.9236499667167664,0.150279238820076
0.5527950525283813,3.181483030319214,221,887,,,,
,,221,887,,,0.9307355880737305,0.14396034181118011
0.5652173757553101,3.1357333660125732,222,891,,,,
,,222,891,,,0.9192243814468384,0.1716403067111969
0.5776397585868835,3.0970773696899414,223,895,,,,
,,223,895,,,0.927577018737793,0.144750714302063
0.5714285969734192,3.090118885040283,224,899,,,,
,,224,899,,,0.9272997975349426,0.16380183398723602
0.5776397585868835,3.084568500518799,225,903,,,,
,,225,903,,,0.9320555925369263,0.14085540175437927
0.5776397585868835,3.083174228668213,226,907,,,,
,,226,907,,,0.9221493005752563,0.16323840618133545
0.5838509202003479,3.105128288269043,227,911,,,,
,,227,911,,,0.916876494884491,0.16793744266033173
0.5776397585868835,3.124356508255005,228,915,,,,
,,228,915,,,0.9333470463752747,0.15016774833202362
0.5590062141418457,3.1626594066619873,229,919,,,,
,,229,919,,,0.9210966229438782,0.16584724187850952
0.5403726696968079,3.1881258487701416,230,923,,,,
,,230,923,,,0.9256513714790344,0.16391587257385254
0.5465838313102722,3.174107074737549,231,927,,,,
,,231,927,,,0.9322301745414734,0.14771077036857605
0.5527950525283813,3.1731483936309814,232,931,,,,
,,232,931,,,0.9262272119522095,0.15917477011680603
0.5527950525283813,3.1353838443756104,233,935,,,,
,,233,935,,,0.9270210266113281,0.1617126166820526
0.5465838313102722,3.130448579788208,234,939,,,,
,,234,939,,,0.9351226687431335,0.14013591408729553
0.5527950525283813,3.134154796600342,235,943,,,,
,,235,943,,,0.9310526847839355,0.12839935719966888
0.5652173757553101,3.113953113555908,236,947,,,,
,,236,947,,,0.9295021295547485,0.14385804533958435
0.5714285969734192,3.1087851524353027,237,951,,,,
,,237,951,,,0.9167104959487915,0.17303407192230225
0.5652173757553101,3.132795572280884,238,955,,,,
,,238,955,,,0.9148832559585571,0.17020784318447113
0.5590062141418457,3.163468360900879,239,959,,,,
,,239,959,,,0.9299079775810242,0.17392034828662872
0.5652173757553101,3.1630940437316895,240,963,,,,
,,240,963,,,0.9218320846557617,0.176518052816391
0.5714285969734192,3.1582257747650146,241,967,,,,
,,241,967,,,0.9197738766670227,0.1620555967092514
0.5652173757553101,3.1653554439544678,242,971,,,,
,,242,971,,,0.9219608306884766,0.16340884566307068
0.5590062141418457,3.175501585006714,243,975,,,,
,,243,975,,,0.9171040654182434,0.16365568339824677
0.5652173757553101,3.1453819274902344,244,979,,,,
,,244,979,,,0.9247943162918091,0.14964520931243896
0.5714285969734192,3.0843594074249268,245,983,,,,
,,245,983,,,0.9189413189888,0.17175276577472687
0.5714285969734192,3.0564053058624268,246,987,,,,
,,246,987,,,0.9223247766494751,0.1586798131465912
0.5714285969734192,3.0783956050872803,247,991,,,,
,,247,991,,,0.9229246377944946,0.15829363465309143
0.5652173757553101,3.11501407623291,248,995,,,,
,,248,995,,,0.9028471112251282,0.18668654561042786
0.5590062141418457,3.1072421073913574,249,999,,,,
,,249,999,,,0.9230057001113892,0.14513587951660156
0.590062141418457,3.0980091094970703,250,1003,,,,
,,250,1003,,,0.918570876121521,0.19541271030902863
0.5838509202003479,3.087453603744507,251,1007,,,,
,,251,1007,,,0.9243958592414856,0.17567439377307892
0.590062141418457,3.1171436309814453,252,1011,,,,
,,252,1011,,,0.9232317209243774,0.16438964009284973
0.5527950525283813,3.118328094482422,253,1015,,,,
,,253,1015,,,0.9225492477416992,0.15838028490543365
0.52173912525177,3.1300177574157715,254,1019,,,,
,,254,1019,,,0.9270147085189819,0.18372052907943726
0.5652173757553101,3.124939203262329,255,1023,,,,
,,255,1023,,,0.9295982122421265,0.16492171585559845
0.5652173757553101,3.1142570972442627,256,1027,,,,
,,256,1027,,,0.9237154126167297,0.16386227309703827
0.5465838313102722,3.1425888538360596,257,1031,,,,
,,257,1031,,,0.9211257100105286,0.16166982054710388
0.5465838313102722,3.195972204208374,258,1035,,,,
,,258,1035,,,0.9307573437690735,0.15143361687660217
0.5527950525283813,3.2194976806640625,259,1039,,,,
,,259,1039,,,0.9216672778129578,0.16177472472190857
0.5527950525283813,3.2205893993377686,260,1043,,,,
,,260,1043,,,0.9267946481704712,0.15400603413581848
0.5527950525283813,3.2044754028320312,261,1047,,,,
,,261,1047,,,0.9406141042709351,0.1436491459608078
0.5714285969734192,3.1835134029388428,262,1051,,,,
,,262,1051,,,0.9263831973075867,0.14760060608386993
0.5714285969734192,3.182739734649658,263,1055,,,,
,,263,1055,,,0.93132483959198,0.1381186991930008
0.5652173757553101,3.1629345417022705,264,1059,,,,
,,264,1059,,,0.9228135943412781,0.14709128439426422
0.5652173757553101,3.161565065383911,265,1063,,,,
,,265,1063,,,0.9266122579574585,0.15356755256652832
0.5652173757553101,3.1821229457855225,266,1067,,,,
,,266,1067,,,0.9238516092300415,0.14319173991680145
0.5652173757553101,3.189979314804077,267,1071,,,,
,,267,1071,,,0.9260414242744446,0.1517542153596878
0.5652173757553101,3.1950266361236572,268,1075,,,,
,,268,1075,,,0.9218056797981262,0.15617123246192932
0.5590062141418457,3.1919479370117188,269,1079,,,,
,,269,1079,,,0.9186463356018066,0.18353798985481262
0.5652173757553101,3.1964218616485596,270,1083,,,,
,,270,1083,,,0.9240660667419434,0.16509267687797546
0.5652173757553101,3.19931697845459,271,1087,,,,
,,271,1087,,,0.933283805847168,0.15521855652332306
0.5652173757553101,3.206394672393799,272,1091,,,,
,,272,1091,,,0.9297777414321899,0.13896535336971283
0.5714285969734192,3.2043557167053223,273,1095,,,,
,,273,1095,,,0.918299674987793,0.15352317690849304
0.5590062141418457,3.2159621715545654,274,1099,,,,
,,274,1099,,,0.9309809803962708,0.14667023718357086
0.5714285969734192,3.2103710174560547,275,1103,,,,
,,275,1103,,,0.9228351712226868,0.16809138655662537
0.5714285969734192,3.2306740283966064,276,1107,,,,
,,276,1107,,,0.9281870722770691,0.13385216891765594
0.5590062141418457,3.264303684234619,277,1111,,,,
,,277,1111,,,0.9239072799682617,0.15720506012439728
0.5652173757553101,3.297274112701416,278,1115,,,,
,,278,1115,,,0.9323652386665344,0.14746853709220886
0.5652173757553101,3.320037364959717,279,1119,,,,
,,279,1119,,,0.9170805215835571,0.1790873408317566
0.5652173757553101,3.3554248809814453,280,1123,,,,
,,280,1123,,,0.9291082620620728,0.13426640629768372
0.5652173757553101,3.364281415939331,281,1127,,,,
,,281,1127,,,0.920802116394043,0.15279677510261536
0.5652173757553101,3.3291053771972656,282,1131,,,,
,,282,1131,,,0.9316995739936829,0.1579759120941162
0.5590062141418457,3.302771806716919,283,1135,,,,
,,283,1135,,,0.9324239492416382,0.1523030549287796
0.5652173757553101,3.3202736377716064,284,1139,,,,
,,284,1139,,,0.9302986264228821,0.15566767752170563
0.5714285969734192,3.319331645965576,285,1143,,,,
,,285,1143,,,0.9233212471008301,0.16530482470989227
0.5714285969734192,3.252631425857544,286,1147,,,,
,,286,1147,,,0.9212587475776672,0.16989871859550476
0.5652173757553101,3.2078089714050293,287,1151,,,,
,,287,1151,,,0.9248185157775879,0.14408551156520844
0.5714285969734192,3.233355760574341,288,1155,,,,
,,288,1155,,,0.933809757232666,0.14422695338726044
0.5714285969734192,3.2470030784606934,289,1159,,,,
,,289,1159,,,0.9321473240852356,0.14185765385627747
0.5714285969734192,3.2789981365203857,290,1163,,,,
,,290,1163,,,0.9210588335990906,0.16417410969734192
0.5714285969734192,3.301772356033325,291,1167,,,,
,,291,1167,,,0.9263700246810913,0.13447144627571106
0.5714285969734192,3.2841315269470215,292,1171,,,,
,,292,1171,,,0.9207750558853149,0.14996516704559326
0.5714285969734192,3.2438902854919434,293,1175,,,,
,,293,1175,,,0.9240266680717468,0.15893281996250153
0.5714285969734192,3.2260537147521973,294,1179,,,,
,,294,1179,,,0.9377430081367493,0.1393134593963623
0.5776397585868835,3.214674711227417,295,1183,,,,
,,295,1183,,,0.9281781315803528,0.1462533324956894
0.5714285969734192,3.218657970428467,296,1187,,,,
,,296,1187,,,0.9294664263725281,0.1488264501094818
0.5714285969734192,3.249293088912964,297,1191,,,,
,,297,1191,,,0.9241265058517456,0.15039533376693726
0.5652173757553101,3.2631397247314453,298,1195,,,,
,,298,1195,,,0.9299992322921753,0.14947247505187988
0.5652173757553101,3.2656643390655518,299,1199,,,,
,,299,1199,,,0.9262460470199585,0.15541525185108185
